{
  "faithfulness": 0.4,
  "answer_relevancy": 0.1647604862869973,
  "context_precision": 0.4666666666466666
}