{
  "faithfulness": 0.16666666666666669,
  "answer_relevancy": 0.0,
  "context_precision": 0.3999999999866667
}