{
  "factual_answer_correctness": 0.3680555555555556,
  "factual_context_recall": 1.0,
  "factual_citation_score": 0.9166666666666666,
  "factual_hallucination_score": 0.9166666666666666,
  "out_of_scope_refusal_score": 0.6666666666666666,
  "ragas_faithfulness": 0.625,
  "rag_monitor_score": 0.8041666666666666,
  "eval_mode": "ragas"
}