{
  "v1": {
    "factual_answer_correctness": 0.34027777777777773,
    "factual_context_recall": 1.0,
    "factual_citation_score": 0.0,
    "factual_hallucination_score": 1.0,
    "out_of_scope_refusal_score": 0.0,
    "ragas_faithfulness": 0.548611111111111,
    "rag_monitor_score": 0.46458333333333335,
    "eval_mode": "ragas"
  },
  "v2": {
    "factual_answer_correctness": 0.3611111111111111,
    "factual_context_recall": 1.0,
    "factual_citation_score": 0.0,
    "factual_hallucination_score": 0.9166666666666666,
    "out_of_scope_refusal_score": 1.0,
    "ragas_faithfulness": 0.5694444444444444,
    "rag_monitor_score": 0.6083333333333333,
    "eval_mode": "ragas"
  },
  "v3": {
    "factual_answer_correctness": 0.5694444444444444,
    "factual_context_recall": 1.0,
    "factual_citation_score": 0.9166666666666666,
    "factual_hallucination_score": 0.9166666666666666,
    "out_of_scope_refusal_score": 0.6666666666666666,
    "ragas_faithfulness": 0.6666666666666666,
    "rag_monitor_score": 0.8166666666666665,
    "eval_mode": "ragas"
  }
}